ID,RDA,PAZIENTE,WORKFLOWINSTANCEID,IDDOCUMENTO,DATAEVENTO
Creazione_2,REGIONE_CAMPANIA,PRZMGV95D49F839P^^^&2.16.840.1.113883.2.9.4.3.2&ISO,2.16.840.1.113883.2.9.2.120.4.4.b0f3ffcf25ce2aafc7dc901e2febc51f43837f4ca0fe3b6d1b02194e9047b6db.52d02c742a^^^^urn:ihe:iti:xdw:2013:workflowInstanceId,2.16.840.1.113883.2.9.2.110.4.4^UAT_GTW_ID1721656896931,Mon Jul 22 16:01:38 CEST 2024
Creazione_1,REGIONE_CAMPANIA,NGNVCN92S19L259C^^^&2.16.840.1.113883.2.9.4.3.2&ISO,2.16.840.1.113883.2.9.2.120.4.4.b0f3ffcf25ce2aafc7dc901e2febc51f43837f4ca0fe3b6d1b02194e9047b6db.4faa8a94e2^^^^urn:ihe:iti:xdw:2013:workflowInstanceId,2.16.840.1.113883.2.9.2.110.4.4^UAT_GTW_ID1721656887136,Mon Jul 22 16:01:28 CEST 2024
Creazione_0,REGIONE_LAZIO,MRCLSN97C14H501J^^^&2.16.840.1.113883.2.9.4.3.2&ISO,2.16.840.1.113883.2.9.2.120.4.4.b0f3ffcf25ce2aafc7dc901e2febc51f43837f4ca0fe3b6d1b02194e9047b6db.592d0019d3^^^^urn:ihe:iti:xdw:2013:workflowInstanceId,2.16.840.1.113883.2.9.2.110.4.4^UAT_GTW_ID1721656876332,Mon Jul 22 16:01:17 CEST 2024
